ids,prediction_date,model_label,score_label_0,score_label_1
2492331,2021-05-21,1,0.11465413533834586,0.8853458646616541
2492319,2021-05-21,0,0.9779581195862417,0.022041880413758305
2492298,2021-05-21,0,0.5074867724867724,0.49251322751322746
2492346,2021-05-21,1,0.013187134502923975,0.986812865497076
2492308,2021-05-21,1,0.3501512997781654,0.6498487002218346
2492300,2021-05-21,1,0.013187134502923975,0.986812865497076
2492324,2021-05-21,1,0.08119951023269102,0.9188004897673091
2492337,2021-05-21,1,0.23492520138089762,0.7650747986191024
2492304,2021-05-21,1,0.49069281307184537,0.5093071869281547
2492314,2021-05-21,1,0.036857323218090196,0.9631426767819098
2492297,2021-05-21,1,0.3517378171255524,0.6482621828744477
2492292,2021-05-21,1,0.20469600345761335,0.7953039965423867
2492334,2021-05-21,1,0.45650623449536487,0.5434937655046351
2492305,2021-05-21,1,0.25697670521199933,0.7430232947880007
2492316,2021-05-21,0,0.5074867724867724,0.49251322751322746
2492321,2021-05-21,1,0.06834800644790387,0.9316519935520962
2492302,2021-05-21,1,0.4519541910331384,0.5480458089668616
2492318,2021-05-21,1,0.49320545609548166,0.5067945439045183
2492344,2021-05-21,0,0.9130116260551043,0.08698837394489567
2492285,2021-05-21,1,0.23492520138089762,0.7650747986191024
2492326,2021-05-21,1,0.42733405719267115,0.572665942807329
2492311,2021-05-21,1,0.33538281334127407,0.6646171866587259
2492317,2021-05-21,1,0.42733405719267115,0.572665942807329
2492338,2021-05-21,1,0.3317414648317714,0.6682585351682285
2492328,2021-05-21,1,0.036857323218090196,0.9631426767819098
2492293,2021-05-21,1,0.3225692047703974,0.6774307952296026
2492404,2021-05-21,1,0.013187134502923975,0.986812865497076
2492333,2021-05-21,1,0.2752775624044281,0.724722437595572
2492294,2021-05-21,1,0.42733405719267115,0.572665942807329
2492312,2021-05-21,1,0.40442652329749096,0.595573476702509
2492357,2021-05-21,1,0.4202598566308243,0.5797401433691756
2492287,2021-05-21,1,0.42733405719267115,0.572665942807329
2492327,2021-05-21,0,0.5870588235294119,0.4129411764705882
2492303,2021-05-21,1,0.25697670521199933,0.7430232947880007
2492343,2021-05-21,0,0.9130116260551043,0.08698837394489567
2492313,2021-05-21,1,0.3501512997781654,0.6498487002218346
2492322,2021-05-21,1,0.036857323218090196,0.9631426767819098
2492295,2021-05-21,0,0.5074867724867724,0.49251322751322746
2492330,2021-05-21,1,0.06834800644790387,0.9316519935520962
2492366,2021-05-21,1,0.23492520138089762,0.7650747986191024
2492351,2021-05-21,1,0.37442448680351903,0.625575513196481
2492320,2021-05-21,1,0.11465413533834586,0.8853458646616541
2492383,2021-05-21,1,0.02537037037037037,0.9746296296296297
2492310,2021-05-21,1,0.3317414648317714,0.6682585351682285
2492332,2021-05-21,1,0.036857323218090196,0.9631426767819098
2492299,2021-05-21,1,0.3317414648317714,0.6682585351682285
2492410,2021-05-21,1,0.37610167196913286,0.6238983280308671
2492283,2021-05-21,1,0.42733405719267115,0.572665942807329
2492309,2021-05-21,1,0.30674581637268206,0.693254183627318
2492301,2021-05-21,1,0.09092397660818713,0.9090760233918129
2492329,2021-05-21,1,0.23492520138089762,0.7650747986191024
2492325,2021-05-21,1,0.08119951023269102,0.9188004897673091
2492291,2021-05-21,1,0.3517378171255524,0.6482621828744477
2492306,2021-05-21,0,0.9130116260551043,0.08698837394489567
2492296,2021-05-21,0,0.6332601066017837,0.36673989339821633
2492335,2021-05-21,1,0.4202598566308243,0.5797401433691756
2492323,2021-05-21,1,0.08119951023269102,0.9188004897673091
2492307,2021-05-21,1,0.035555555555555556,0.9644444444444445
2492315,2021-05-21,1,0.013187134502923975,0.986812865497076
2492381,2021-05-21,1,0.40442652329749096,0.595573476702509
2492398,2021-05-21,1,0.08119951023269102,0.9188004897673091
2492387,2021-05-21,0,0.8540372670807453,0.14596273291925463
2492362,2021-05-21,1,0.37419902056501664,0.6258009794349834
2492416,2021-05-21,1,0.013187134502923975,0.986812865497076
2492336,2021-05-21,1,0.3493215739484396,0.6506784260515605
2492391,2021-05-21,1,0.26385637652414784,0.7361436234758523
2492355,2021-05-21,1,0.42733405719267115,0.572665942807329
2492340,2021-05-21,0,0.8540372670807453,0.14596273291925463
2492371,2021-05-21,0,0.9755426606490436,0.024457339350956373
2492394,2021-05-21,0,0.9533204384268213,0.046679561573178596
2492356,2021-05-21,0,0.5322018722018721,0.4677981277981278
2492393,2021-05-21,1,0.3517378171255524,0.6482621828744477
2492374,2021-05-21,1,0.23492520138089762,0.7650747986191024
2492365,2021-05-21,1,0.20469600345761335,0.7953039965423867
2492367,2021-05-21,1,0.22969600345761335,0.7703039965423867
2492388,2021-05-21,0,0.5074867724867724,0.49251322751322746
2492527,2021-05-21,1,0.4519541910331384,0.5480458089668616
2492382,2021-05-21,1,0.44414622227153344,0.5558537777284666
2492341,2021-05-21,1,0.3317414648317714,0.6682585351682285
2492352,2021-05-21,0,0.5074867724867724,0.49251322751322746
2492353,2021-05-21,1,0.3380169942669943,0.6619830057330057
2492376,2021-05-21,0,0.6227387267904508,0.37726127320954905
2492368,2021-05-21,1,0.376368248747281,0.623631751252719
2492397,2021-05-21,1,0.32739436815026607,0.672605631849734
2492345,2021-05-21,1,0.3493215739484396,0.6506784260515605
2492364,2021-05-21,1,0.4860785953177258,0.5139214046822743
2492373,2021-05-21,1,0.036857323218090196,0.9631426767819098
2492361,2021-05-21,0,0.9533204384268213,0.046679561573178596
2492392,2021-05-21,0,0.9533204384268213,0.046679561573178596
2492412,2021-05-21,0,0.5870588235294119,0.4129411764705882
2492349,2021-05-21,1,0.23492520138089762,0.7650747986191024
2492370,2021-05-21,1,0.2890431136699793,0.7109568863300206
2492384,2021-05-21,1,0.23492520138089762,0.7650747986191024
2492369,2021-05-21,1,0.4519541910331384,0.5480458089668616
2492339,2021-05-21,1,0.3501512997781654,0.6498487002218346
2492378,2021-05-21,1,0.3317414648317714,0.6682585351682285
2492385,2021-05-21,1,0.42733405719267115,0.572665942807329
2492360,2021-05-21,1,0.3493215739484396,0.6506784260515605
2492409,2021-05-21,1,0.4686073309499097,0.5313926690500904
2492389,2021-05-21,0,0.5870588235294119,0.4129411764705882
2492375,2021-05-21,1,0.45650623449536487,0.5434937655046351
2492396,2021-05-21,1,0.036857323218090196,0.9631426767819098
2492342,2021-05-21,1,0.013187134502923975,0.986812865497076
2492354,2021-05-21,1,0.4093299049400031,0.5906700950599969
2492379,2021-05-21,1,0.4410584449987681,0.5589415550012319
2492413,2021-05-21,0,0.666429202980927,0.3335707970190729
2492348,2021-05-21,1,0.08119951023269102,0.9188004897673091
2492399,2021-05-21,1,0.08119951023269102,0.9188004897673091
2492380,2021-05-21,1,0.036857323218090196,0.9631426767819098
2492363,2021-05-21,1,0.22969600345761335,0.7703039965423867
2492347,2021-05-21,1,0.3317414648317714,0.6682585351682285
2492358,2021-05-21,0,0.926764539808018,0.07323546019198193
2492386,2021-05-21,0,0.8540372670807453,0.14596273291925463
2492377,2021-05-21,1,0.3317414648317714,0.6682585351682285
2492390,2021-05-21,1,0.036857323218090196,0.9631426767819098
2492405,2021-05-21,1,0.4860785953177258,0.5139214046822743
2492359,2021-05-21,1,0.3317414648317714,0.6682585351682285
2492403,2021-05-21,1,0.013187134502923975,0.986812865497076
2492372,2021-05-21,1,0.047549412766804064,0.9524505872331959
2492395,2021-05-21,1,0.06834800644790387,0.9316519935520962
2492350,2021-05-21,1,0.23492520138089762,0.7650747986191024
2492400,2021-05-21,0,0.5870588235294119,0.4129411764705882
2492529,2021-05-21,1,0.42733405719267115,0.572665942807329
2492450,2021-05-21,1,0.4444806460595935,0.5555193539404065
2492420,2021-05-21,1,0.23492520138089762,0.7650747986191024
2492458,2021-05-21,1,0.23492520138089762,0.7650747986191024
2492429,2021-05-21,1,0.42733405719267115,0.572665942807329
2492433,2021-05-21,1,0.49069281307184537,0.5093071869281547
2492521,2021-05-21,1,0.23492520138089762,0.7650747986191024
2492444,2021-05-21,0,0.8553359683794467,0.14466403162055336
2492436,2021-05-21,0,0.5870588235294119,0.4129411764705882
2492422,2021-05-21,1,0.11465413533834586,0.8853458646616541
2492434,2021-05-21,1,0.42733405719267115,0.572665942807329
2492407,2021-05-21,1,0.3317414648317714,0.6682585351682285
2492419,2021-05-21,1,0.18698403617739998,0.8130159638226001
2492449,2021-05-21,1,0.23492520138089762,0.7650747986191024
2492463,2021-05-21,1,0.47147435897435896,0.528525641025641
2492518,2021-05-21,1,0.23492520138089762,0.7650747986191024
2492445,2021-05-21,1,0.3317414648317714,0.6682585351682285
2492401,2021-05-21,1,0.4519541910331384,0.5480458089668616
2492432,2021-05-21,1,0.013187134502923975,0.986812865497076
2492448,2021-05-21,1,0.11465413533834586,0.8853458646616541
2492523,2021-05-21,0,0.666429202980927,0.3335707970190729
2492427,2021-05-21,1,0.25697670521199933,0.7430232947880007
2492443,2021-05-21,0,0.509067525060999,0.49093247493900105
2492423,2021-05-21,1,0.2890431136699793,0.7109568863300206
2492438,2021-05-21,1,0.3317414648317714,0.6682585351682285
2492461,2021-05-21,1,0.02537037037037037,0.9746296296296297
2492440,2021-05-21,1,0.08053124231535026,0.9194687576846498
2492452,2021-05-21,1,0.49069281307184537,0.5093071869281547
2492435,2021-05-21,0,0.5870588235294119,0.4129411764705882
2492455,2021-05-21,0,0.5402971102971101,0.45970288970288964
2492467,2021-05-21,1,0.013187134502923975,0.986812865497076
2492430,2021-05-21,0,0.9755426606490436,0.024457339350956373
2492417,2021-05-21,1,0.49069281307184537,0.5093071869281547
2492446,2021-05-21,0,0.509067525060999,0.49093247493900105
2492411,2021-05-21,1,0.23492520138089762,0.7650747986191024
2492426,2021-05-21,0,0.9755426606490436,0.024457339350956373
2492439,2021-05-21,0,0.5074867724867724,0.49251322751322746
2492421,2021-05-21,1,0.3517378171255524,0.6482621828744477
2492442,2021-05-21,1,0.42733405719267115,0.572665942807329
2492414,2021-05-21,1,0.4093299049400031,0.5906700950599969
2492451,2021-05-21,1,0.3317414648317714,0.6682585351682285
2492431,2021-05-21,1,0.3317414648317714,0.6682585351682285
2492425,2021-05-21,1,0.3501512997781654,0.6498487002218346
2492418,2021-05-21,1,0.08119951023269102,0.9188004897673091
2492415,2021-05-21,1,0.3317414648317714,0.6682585351682285
2492402,2021-05-21,1,0.18698403617739998,0.8130159638226001
2492441,2021-05-21,1,0.3317414648317714,0.6682585351682285
2492424,2021-05-21,1,0.11465413533834586,0.8853458646616541
2492406,2021-05-21,1,0.07012590229981534,0.9298740977001847
2492437,2021-05-21,0,0.9755426606490436,0.024457339350956373
2492408,2021-05-21,1,0.4410584449987681,0.5589415550012319
2492428,2021-05-21,1,0.3517378171255524,0.6482621828744477
2492447,2021-05-21,1,0.26385637652414784,0.7361436234758523
2492462,2021-05-21,0,0.5870588235294119,0.4129411764705882
2492482,2021-05-21,0,0.9533204384268213,0.046679561573178596
2492512,2021-05-21,1,0.036857323218090196,0.9631426767819098
2492528,2021-05-21,1,0.48992673992673985,0.51007326007326
2492501,2021-05-21,1,0.08119951023269102,0.9188004897673091
2492515,2021-05-21,1,0.08053124231535026,0.9194687576846498
2492493,2021-05-21,1,0.49320545609548166,0.5067945439045183
2492466,2021-05-21,1,0.20469600345761335,0.7953039965423867
2492492,2021-05-21,0,0.6392521708311183,0.3607478291688818
2492479,2021-05-21,1,0.3545807413874641,0.6454192586125359
2492495,2021-05-21,1,0.3501512997781654,0.6498487002218346
2492510,2021-05-21,1,0.3317414648317714,0.6682585351682285
2492457,2021-05-21,0,0.9755426606490436,0.024457339350956373
2492478,2021-05-21,0,0.8553359683794467,0.14466403162055336
2492471,2021-05-21,1,0.3317414648317714,0.6682585351682285
2492453,2021-05-21,1,0.3317414648317714,0.6682585351682285
2492500,2021-05-21,1,0.45650623449536487,0.5434937655046351
2492484,2021-05-21,0,0.5870588235294119,0.4129411764705882
2492481,2021-05-21,0,0.5870588235294119,0.4129411764705882
2492514,2021-05-21,1,0.24452359415045982,0.7554764058495402
2492470,2021-05-21,1,0.25697670521199933,0.7430232947880007
2492465,2021-05-21,1,0.23492520138089762,0.7650747986191024
2492635,2021-05-21,1,0.42733405719267115,0.572665942807329
2492494,2021-05-21,1,0.376368248747281,0.623631751252719
2492511,2021-05-21,1,0.49069281307184537,0.5093071869281547
2492474,2021-05-21,0,0.5036796536796537,0.49632034632034633
2492459,2021-05-21,1,0.3501512997781654,0.6498487002218346
2492504,2021-05-21,1,0.32739436815026607,0.672605631849734
2492490,2021-05-21,1,0.27492520138089754,0.7250747986191024
2492475,2021-05-21,1,0.358688243543256,0.6413117564567441
2492507,2021-05-21,1,0.3317414648317714,0.6682585351682285
2492513,2021-05-21,0,0.5286796536796536,0.4713203463203463
2492464,2021-05-21,1,0.3317414648317714,0.6682585351682285
2492485,2021-05-21,1,0.3577598566308243,0.6422401433691756
2492454,2021-05-21,1,0.44414622227153344,0.5558537777284666
2492483,2021-05-21,1,0.22969600345761335,0.7703039965423867
2492486,2021-05-21,1,0.14115070284406667,0.8588492971559333
2492497,2021-05-21,1,0.06834800644790387,0.9316519935520962
2492503,2021-05-21,1,0.3317414648317714,0.6682585351682285
2492489,2021-05-21,1,0.45127604203194,0.5487239579680601
2492472,2021-05-21,1,0.23492520138089762,0.7650747986191024
2492469,2021-05-21,1,0.420566370040786,0.5794336299592139
2492525,2021-05-21,1,0.23492520138089762,0.7650747986191024
2492460,2021-05-21,0,0.5074867724867724,0.49251322751322746
2492476,2021-05-21,1,0.18698403617739998,0.8130159638226001
2492502,2021-05-21,1,0.036857323218090196,0.9631426767819098
2492505,2021-05-21,0,0.509067525060999,0.49093247493900105
2492498,2021-05-21,1,0.4686073309499097,0.5313926690500904
2492491,2021-05-21,1,0.4686073309499097,0.5313926690500904
2492509,2021-05-21,1,0.42733405719267115,0.572665942807329
2492468,2021-05-21,0,0.666429202980927,0.3335707970190729
2492499,2021-05-21,1,0.07012590229981534,0.9298740977001847
2492456,2021-05-21,1,0.3493215739484396,0.6506784260515605
2492480,2021-05-21,1,0.20469600345761335,0.7953039965423867
2492488,2021-05-21,0,0.5870588235294119,0.4129411764705882
2492516,2021-05-21,1,0.08053124231535026,0.9194687576846498
2492496,2021-05-21,1,0.3317414648317714,0.6682585351682285
2492477,2021-05-21,1,0.49069281307184537,0.5093071869281547
2492487,2021-05-21,1,0.3577598566308243,0.6422401433691756
2492524,2021-05-21,1,0.23492520138089762,0.7650747986191024
2492508,2021-05-21,1,0.4298521630874572,0.5701478369125428
2492506,2021-05-21,1,0.3317414648317714,0.6682585351682285
2492473,2021-05-21,1,0.25697670521199933,0.7430232947880007
2492552,2021-05-21,1,0.18698403617739998,0.8130159638226001
2492559,2021-05-21,1,0.4813227513227513,0.5186772486772486
2492547,2021-05-21,0,0.9130116260551043,0.08698837394489567
2492533,2021-05-21,1,0.14115070284406667,0.8588492971559333
2492566,2021-05-21,1,0.3317414648317714,0.6682585351682285
2492576,2021-05-21,1,0.3317414648317714,0.6682585351682285
2492534,2021-05-21,1,0.4093299049400031,0.5906700950599969
2492579,2021-05-21,1,0.42733405719267115,0.572665942807329
2492519,2021-05-21,1,0.3493215739484396,0.6506784260515605
2492565,2021-05-21,1,0.23492520138089762,0.7650747986191024
2492536,2021-05-21,1,0.42733405719267115,0.572665942807329
2492546,2021-05-21,1,0.18698403617739998,0.8130159638226001
2492556,2021-05-21,1,0.08119951023269102,0.9188004897673091
2492543,2021-05-21,1,0.09092397660818713,0.9090760233918129
2492557,2021-05-21,0,0.8803359683794467,0.11966403162055335
2492577,2021-05-21,1,0.3317414648317714,0.6682585351682285
2492530,2021-05-21,1,0.3493215739484396,0.6506784260515605
2492538,2021-05-21,1,0.013187134502923975,0.986812865497076
2492569,2021-05-21,0,0.9533204384268213,0.046679561573178596
2492622,2021-05-21,1,0.3517378171255524,0.6482621828744477
2492549,2021-05-21,1,0.11465413533834586,0.8853458646616541
2492578,2021-05-21,1,0.3317414648317714,0.6682585351682285
2492540,2021-05-21,1,0.44414622227153344,0.5558537777284666
2492580,2021-05-21,1,0.37442448680351903,0.625575513196481
2492555,2021-05-21,1,0.420566370040786,0.5794336299592139
2492561,2021-05-21,0,0.509067525060999,0.49093247493900105
2492539,2021-05-21,0,0.9263692828910222,0.07363071710897798
2492562,2021-05-21,1,0.26555534018220583,0.7344446598177942
2492548,2021-05-21,1,0.18698403617739998,0.8130159638226001
2492591,2021-05-21,1,0.3493215739484396,0.6506784260515605
2492596,2021-05-21,0,0.6227387267904508,0.37726127320954905
2492570,2021-05-21,1,0.14115070284406667,0.8588492971559333
2492522,2021-05-21,1,0.37419902056501664,0.6258009794349834
2492567,2021-05-21,0,0.9533204384268213,0.046679561573178596
2492554,2021-05-21,1,0.3317414648317714,0.6682585351682285
2492535,2021-05-21,1,0.3501512997781654,0.6498487002218346
2492532,2021-05-21,0,0.5870588235294119,0.4129411764705882
2492517,2021-05-21,1,0.3493215739484396,0.6506784260515605
2492564,2021-05-21,0,0.5532843137254903,0.44671568627450975
2492551,2021-05-21,1,0.06834800644790387,0.9316519935520962
2492571,2021-05-21,1,0.3317414648317714,0.6682585351682285
2492531,2021-05-21,0,0.5870588235294119,0.4129411764705882
2492542,2021-05-21,1,0.4686073309499097,0.5313926690500904
2492568,2021-05-21,1,0.49069281307184537,0.5093071869281547
2492560,2021-05-21,1,0.3501512997781654,0.6498487002218346
2492526,2021-05-21,0,0.6392521708311183,0.3607478291688818
2492544,2021-05-21,1,0.3517378171255524,0.6482621828744477
2492575,2021-05-21,1,0.23492520138089762,0.7650747986191024
2492553,2021-05-21,1,0.3517378171255524,0.6482621828744477
2492601,2021-05-21,0,0.666429202980927,0.3335707970190729
2492520,2021-05-21,1,0.49320545609548166,0.5067945439045183
2492572,2021-05-21,1,0.42733405719267115,0.572665942807329
2492563,2021-05-21,0,0.7183600713012479,0.2816399286987522
2492537,2021-05-21,1,0.45059523809523816,0.5494047619047618
2492550,2021-05-21,1,0.25697670521199933,0.7430232947880007
2492594,2021-05-21,0,0.9533204384268213,0.046679561573178596
2492545,2021-05-21,1,0.035555555555555556,0.9644444444444445
2492592,2021-05-21,1,0.37442448680351903,0.625575513196481
2492574,2021-05-21,0,0.9755426606490436,0.024457339350956373
2492573,2021-05-21,1,0.3317414648317714,0.6682585351682285
2492558,2021-05-21,1,0.013187134502923975,0.986812865497076
2492541,2021-05-21,1,0.08053124231535026,0.9194687576846498
2492655,2021-05-21,1,0.37442448680351903,0.625575513196481
2492581,2021-05-21,1,0.047549412766804064,0.9524505872331959
2492627,2021-05-21,1,0.358688243543256,0.6413117564567441
2492610,2021-05-21,1,0.06834800644790387,0.9316519935520962
2492625,2021-05-21,1,0.19411712057281677,0.8058828794271833
2492606,2021-05-21,1,0.18698403617739998,0.8130159638226001
2492599,2021-05-21,1,0.45650623449536487,0.5434937655046351
2492585,2021-05-21,1,0.4686073309499097,0.5313926690500904
2492602,2021-05-21,1,0.23492520138089762,0.7650747986191024
2492631,2021-05-21,1,0.22785692748379316,0.7721430725162068
2492620,2021-05-21,1,0.3317414648317714,0.6682585351682285
2492640,2021-05-21,1,0.11465413533834586,0.8853458646616541
2492652,2021-05-21,0,0.666429202980927,0.3335707970190729
2492636,2021-05-21,1,0.036857323218090196,0.9631426767819098
2492615,2021-05-21,1,0.08053124231535026,0.9194687576846498
2492706,2021-05-21,1,0.23492520138089762,0.7650747986191024
2492623,2021-05-21,1,0.3501512997781654,0.6498487002218346
2492779,2021-05-21,0,0.9533204384268213,0.046679561573178596
2492590,2021-05-21,0,0.6227387267904508,0.37726127320954905
2492609,2021-05-21,1,0.3493215739484396,0.6506784260515605
2492626,2021-05-21,1,0.26555534018220583,0.7344446598177942
2492650,2021-05-21,1,0.013187134502923975,0.986812865497076
2492613,2021-05-21,1,0.33538281334127407,0.6646171866587259
2492624,2021-05-21,1,0.4202598566308243,0.5797401433691756
2492638,2021-05-21,1,0.08053124231535026,0.9194687576846498
2492639,2021-05-21,1,0.4519541910331384,0.5480458089668616
2492603,2021-05-21,1,0.3517378171255524,0.6482621828744477
2492598,2021-05-21,1,0.3577598566308243,0.6422401433691756
2492582,2021-05-21,1,0.18698403617739998,0.8130159638226001
2492653,2021-05-21,1,0.23492520138089762,0.7650747986191024
2492633,2021-05-21,1,0.23492520138089762,0.7650747986191024
2492611,2021-05-21,0,0.9130116260551043,0.08698837394489567
2492607,2021-05-21,1,0.45650623449536487,0.5434937655046351
2492649,2021-05-21,0,0.9130116260551043,0.08698837394489567
2492618,2021-05-21,1,0.047549412766804064,0.9524505872331959
2492589,2021-05-21,1,0.49069281307184537,0.5093071869281547
2492583,2021-05-21,1,0.23492520138089762,0.7650747986191024
2492632,2021-05-21,1,0.42733405719267115,0.572665942807329
2492595,2021-05-21,1,0.013187134502923975,0.986812865497076
2492586,2021-05-21,1,0.34232456140350875,0.6576754385964911
2492604,2021-05-21,1,0.11465413533834586,0.8853458646616541
2492637,2021-05-21,0,0.509067525060999,0.49093247493900105
2493011,2021-05-21,0,0.9755426606490436,0.024457339350956373
2492608,2021-05-21,1,0.40442652329749096,0.595573476702509
2492629,2021-05-21,0,0.5074867724867724,0.49251322751322746
2492597,2021-05-21,1,0.42733405719267115,0.572665942807329
2492614,2021-05-21,1,0.036857323218090196,0.9631426767819098
2492648,2021-05-21,1,0.02537037037037037,0.9746296296296297
2492593,2021-05-21,0,0.5074867724867724,0.49251322751322746
2492647,2021-05-21,0,0.9755426606490436,0.024457339350956373
2492628,2021-05-21,1,0.3317414648317714,0.6682585351682285
2492619,2021-05-21,1,0.4096364183499648,0.5903635816500352
2492600,2021-05-21,1,0.08381987577639752,0.9161801242236025
2492642,2021-05-21,1,0.3317414648317714,0.6682585351682285
2492587,2021-05-21,1,0.3517378171255524,0.6482621828744477
2492612,2021-05-21,1,0.4096364183499648,0.5903635816500352
2492621,2021-05-21,1,0.3501512997781654,0.6498487002218346
2492617,2021-05-21,1,0.42733405719267115,0.572665942807329
2492584,2021-05-21,0,0.5532843137254903,0.44671568627450975
2492630,2021-05-21,1,0.23492520138089762,0.7650747986191024
2492616,2021-05-21,1,0.4458333333333334,0.5541666666666666
2492588,2021-05-21,1,0.08053124231535026,0.9194687576846498
2492641,2021-05-21,1,0.3517378171255524,0.6482621828744477
2492605,2021-05-21,1,0.3501512997781654,0.6498487002218346
2492645,2021-05-21,1,0.32739436815026607,0.672605631849734
2492634,2021-05-21,1,0.3317414648317714,0.6682585351682285
2492694,2021-05-21,1,0.013187134502923975,0.986812865497076
2492666,2021-05-21,1,0.3317414648317714,0.6682585351682285
2492665,2021-05-21,0,0.5074867724867724,0.49251322751322746
2492672,2021-05-21,0,0.9506853923135145,0.04931460768648557
2492644,2021-05-21,0,0.5074867724867724,0.49251322751322746
2492692,2021-05-21,0,0.9263692828910222,0.07363071710897798
2492688,2021-05-21,1,0.3317414648317714,0.6682585351682285
2492707,2021-05-21,1,0.09092397660818713,0.9090760233918129
2492659,2021-05-21,1,0.3501512997781654,0.6498487002218346
2492674,2021-05-21,1,0.25697670521199933,0.7430232947880007
2492663,2021-05-21,1,0.3501512997781654,0.6498487002218346
2492714,2021-05-21,0,0.5036796536796537,0.49632034632034633
2492701,2021-05-21,1,0.37442448680351903,0.625575513196481
2492683,2021-05-21,1,0.4202598566308243,0.5797401433691756
2492667,2021-05-21,0,0.575108225108225,0.4248917748917749
2492643,2021-05-21,1,0.07012590229981534,0.9298740977001847
2492696,2021-05-21,0,0.509067525060999,0.49093247493900105
2492670,2021-05-21,0,0.9755426606490436,0.024457339350956373
2492675,2021-05-21,0,0.9533204384268213,0.046679561573178596
2492658,2021-05-21,0,0.9755426606490436,0.024457339350956373
2492727,2021-05-21,1,0.23492520138089762,0.7650747986191024
2492693,2021-05-21,1,0.19411712057281677,0.8058828794271833
2492702,2021-05-21,1,0.036857323218090196,0.9631426767819098
2492711,2021-05-21,1,0.23492520138089762,0.7650747986191024
2492679,2021-05-21,1,0.3501512997781654,0.6498487002218346
2492689,2021-05-21,1,0.23492520138089762,0.7650747986191024
2492723,2021-05-21,1,0.4860785953177258,0.5139214046822743
2492684,2021-05-21,1,0.06834800644790387,0.9316519935520962
2492698,2021-05-21,1,0.18698403617739998,0.8130159638226001
2492715,2021-05-21,1,0.4048521630874572,0.5951478369125428
2492664,2021-05-21,1,0.4444806460595935,0.5555193539404065
2492676,2021-05-21,1,0.3493215739484396,0.6506784260515605
2492695,2021-05-21,1,0.3317414648317714,0.6682585351682285
2492646,2021-05-21,1,0.18698403617739998,0.8130159638226001
2492691,2021-05-21,0,0.5036796536796537,0.49632034632034633
2492712,2021-05-21,1,0.22969600345761335,0.7703039965423867
2492681,2021-05-21,1,0.3545807413874641,0.6454192586125359
2492657,2021-05-21,1,0.08119951023269102,0.9188004897673091
2492687,2021-05-21,1,0.3317414648317714,0.6682585351682285
2492660,2021-05-21,1,0.49069281307184537,0.5093071869281547
2492673,2021-05-21,1,0.06834800644790387,0.9316519935520962
2492704,2021-05-21,1,0.3488615285999573,0.6511384714000428
2492656,2021-05-21,0,0.9755426606490436,0.024457339350956373
2492699,2021-05-21,1,0.3501512997781654,0.6498487002218346
2492685,2021-05-21,1,0.3517378171255524,0.6482621828744477
2492668,2021-05-21,0,0.9755426606490436,0.024457339350956373
2492669,2021-05-21,1,0.23492520138089762,0.7650747986191024
2492677,2021-05-21,1,0.08119951023269102,0.9188004897673091
2492651,2021-05-21,1,0.29777756240442804,0.7022224375955719
2492690,2021-05-21,1,0.42733405719267115,0.572665942807329
2492713,2021-05-21,0,0.6227387267904508,0.37726127320954905
2492682,2021-05-21,1,0.047549412766804064,0.9524505872331959
2492717,2021-05-21,1,0.4686073309499097,0.5313926690500904
2492678,2021-05-21,1,0.42733405719267115,0.572665942807329
2492725,2021-05-21,0,0.8540372670807453,0.14596273291925463
2492697,2021-05-21,1,0.3545807413874641,0.6454192586125359
2492662,2021-05-21,1,0.08119951023269102,0.9188004897673091
2492671,2021-05-21,0,0.5074867724867724,0.49251322751322746
2492705,2021-05-21,1,0.4048521630874572,0.5951478369125428
2492686,2021-05-21,1,0.42733405719267115,0.572665942807329
2492700,2021-05-21,1,0.42733405719267115,0.572665942807329
2492739,2021-05-21,1,0.013187134502923975,0.986812865497076
2492661,2021-05-21,1,0.358688243543256,0.6413117564567441
2492654,2021-05-21,1,0.08119951023269102,0.9188004897673091
2492680,2021-05-21,0,0.9533204384268213,0.046679561573178596
2492720,2021-05-21,1,0.23492520138089762,0.7650747986191024
2492708,2021-05-21,1,0.08119951023269102,0.9188004897673091
2492746,2021-05-21,1,0.49320545609548166,0.5067945439045183
2492731,2021-05-21,0,0.666429202980927,0.3335707970190729
2492758,2021-05-21,1,0.33538281334127407,0.6646171866587259
2492819,2021-05-21,0,0.9755426606490436,0.024457339350956373
2492729,2021-05-21,0,0.9533204384268213,0.046679561573178596
2492743,2021-05-21,1,0.23492520138089762,0.7650747986191024
2492741,2021-05-21,1,0.44414622227153344,0.5558537777284666
2492749,2021-05-21,1,0.07012590229981534,0.9298740977001847
2492716,2021-05-21,1,0.18698403617739998,0.8130159638226001
2492751,2021-05-21,0,0.5870588235294119,0.4129411764705882
2492730,2021-05-21,0,0.9533204384268213,0.046679561573178596
2492722,2021-05-21,1,0.23492520138089762,0.7650747986191024
2492710,2021-05-21,1,0.23492520138089762,0.7650747986191024
2492757,2021-05-21,1,0.23492520138089762,0.7650747986191024
2492759,2021-05-21,1,0.013187134502923975,0.986812865497076
2492735,2021-05-21,1,0.3501512997781654,0.6498487002218346
2492763,2021-05-21,0,0.666429202980927,0.3335707970190729
2492742,2021-05-21,1,0.08119951023269102,0.9188004897673091
2492724,2021-05-21,1,0.42733405719267115,0.572665942807329
2492765,2021-05-21,1,0.24452359415045982,0.7554764058495402
2492738,2021-05-21,0,0.5870588235294119,0.4129411764705882
2492838,2021-05-21,1,0.42733405719267115,0.572665942807329
2492753,2021-05-21,0,0.7878144843662085,0.2121855156337915
2492736,2021-05-21,1,0.42733405719267115,0.572665942807329
2492808,2021-05-21,1,0.42733405719267115,0.572665942807329
2492836,2021-05-21,0,0.666429202980927,0.3335707970190729
2492755,2021-05-21,1,0.08053124231535026,0.9194687576846498
2492726,2021-05-21,1,0.23492520138089762,0.7650747986191024
2492762,2021-05-21,0,0.5532843137254903,0.44671568627450975
2492832,2021-05-21,1,0.42733405719267115,0.572665942807329
2492744,2021-05-21,1,0.07012590229981534,0.9298740977001847
2492747,2021-05-21,1,0.08119951023269102,0.9188004897673091
2492719,2021-05-21,1,0.4860785953177258,0.5139214046822743
2492756,2021-05-21,1,0.08119951023269102,0.9188004897673091
2492734,2021-05-21,1,0.06834800644790387,0.9316519935520962
2492718,2021-05-21,1,0.09092397660818713,0.9090760233918129
2492764,2021-05-21,0,0.9533204384268213,0.046679561573178596
2492740,2021-05-21,1,0.33538281334127407,0.6646171866587259
2492754,2021-05-21,1,0.3317414648317714,0.6682585351682285
2492709,2021-05-21,1,0.3493215739484396,0.6506784260515605
2492733,2021-05-21,1,0.26555534018220583,0.7344446598177942
2492761,2021-05-21,0,0.5870588235294119,0.4129411764705882
2492732,2021-05-21,1,0.23492520138089762,0.7650747986191024
2492745,2021-05-21,1,0.37442448680351903,0.625575513196481
2492737,2021-05-21,0,0.9755426606490436,0.024457339350956373
2492728,2021-05-21,1,0.37442448680351903,0.625575513196481
2492721,2021-05-21,1,0.3493215739484396,0.6506784260515605
2492760,2021-05-21,1,0.45650623449536487,0.5434937655046351
2492748,2021-05-21,1,0.08119951023269102,0.9188004897673091
2492835,2021-05-21,1,0.42733405719267115,0.572665942807329
2492750,2021-05-21,0,0.5074867724867724,0.49251322751322746
2492842,2021-05-21,1,0.23492520138089762,0.7650747986191024
2492752,2021-05-21,1,0.08119951023269102,0.9188004897673091
2492806,2021-05-21,0,0.5870588235294119,0.4129411764705882
2492797,2021-05-21,1,0.3517378171255524,0.6482621828744477
2492831,2021-05-21,1,0.19411712057281677,0.8058828794271833
2492796,2021-05-21,1,0.3517378171255524,0.6482621828744477
2492825,2021-05-21,1,0.036857323218090196,0.9631426767819098
2492768,2021-05-21,1,0.45059523809523816,0.5494047619047618
2492805,2021-05-21,1,0.08119951023269102,0.9188004897673091
2492791,2021-05-21,1,0.3577598566308243,0.6422401433691756
2492771,2021-05-21,1,0.08053124231535026,0.9194687576846498
2492807,2021-05-21,1,0.08119951023269102,0.9188004897673091
2492818,2021-05-21,1,0.42733405719267115,0.572665942807329
2492785,2021-05-21,1,0.11595923563314867,0.8840407643668513
2492978,2021-05-21,0,0.666429202980927,0.3335707970190729
2492816,2021-05-21,0,0.9533204384268213,0.046679561573178596
2492848,2021-05-21,1,0.11465413533834586,0.8853458646616541
2492781,2021-05-21,1,0.42733405719267115,0.572665942807329
2492833,2021-05-21,1,0.23492520138089762,0.7650747986191024
2492812,2021-05-21,0,0.5036796536796537,0.49632034632034633
2492703,2021-05-21,1,0.49320545609548166,0.5067945439045183
2492799,2021-05-21,1,0.3317414648317714,0.6682585351682285
2492837,2021-05-21,1,0.3317414648317714,0.6682585351682285
2492800,2021-05-21,1,0.3501512997781654,0.6498487002218346
2492824,2021-05-21,0,0.666429202980927,0.3335707970190729
2492822,2021-05-21,1,0.37442448680351903,0.625575513196481
2492788,2021-05-21,1,0.3317414648317714,0.6682585351682285
2492789,2021-05-21,1,0.37610167196913286,0.6238983280308671
2492772,2021-05-21,1,0.2890431136699793,0.7109568863300206
2492803,2021-05-21,1,0.3545807413874641,0.6454192586125359
2492766,2021-05-21,1,0.26385637652414784,0.7361436234758523
2492795,2021-05-21,1,0.3501512997781654,0.6498487002218346
2492851,2021-05-21,1,0.49069281307184537,0.5093071869281547
2492780,2021-05-21,1,0.047549412766804064,0.9524505872331959
2492815,2021-05-21,0,0.8553359683794467,0.14466403162055336
2492769,2021-05-21,1,0.18698403617739998,0.8130159638226001
2492813,2021-05-21,1,0.11465413533834586,0.8853458646616541
2492776,2021-05-21,1,0.3317414648317714,0.6682585351682285
2492811,2021-05-21,1,0.3317414648317714,0.6682585351682285
2492774,2021-05-21,1,0.358688243543256,0.6413117564567441
2492782,2021-05-21,1,0.23492520138089762,0.7650747986191024
2492787,2021-05-21,0,0.9533204384268213,0.046679561573178596
2492804,2021-05-21,1,0.3501512997781654,0.6498487002218346
2492823,2021-05-21,1,0.02537037037037037,0.9746296296296297
2492821,2021-05-21,1,0.26251724932397197,0.737482750676028
2492790,2021-05-21,1,0.34232456140350875,0.6576754385964911
2492793,2021-05-21,1,0.3501512997781654,0.6498487002218346
2492829,2021-05-21,1,0.3317414648317714,0.6682585351682285
2492974,2021-05-21,1,0.23492520138089762,0.7650747986191024
2492801,2021-05-21,1,0.47785792709705766,0.5221420729029426
2492809,2021-05-21,0,0.5074867724867724,0.49251322751322746
2492778,2021-05-21,1,0.3577598566308243,0.6422401433691756
2492784,2021-05-21,1,0.42733405719267115,0.572665942807329
2492792,2021-05-21,1,0.14115070284406667,0.8588492971559333
2492871,2021-05-21,1,0.3317414648317714,0.6682585351682285
2492786,2021-05-21,0,0.9755426606490436,0.024457339350956373
2492814,2021-05-21,0,0.5074867724867724,0.49251322751322746
2492775,2021-05-21,1,0.3317414648317714,0.6682585351682285
2492802,2021-05-21,1,0.08119951023269102,0.9188004897673091
2492820,2021-05-21,1,0.42733405719267115,0.572665942807329
2492773,2021-05-21,1,0.09092397660818713,0.9090760233918129
2492783,2021-05-21,1,0.3517378171255524,0.6482621828744477
2492770,2021-05-21,1,0.3493215739484396,0.6506784260515605
2492798,2021-05-21,1,0.42733405719267115,0.572665942807329
2492817,2021-05-21,0,0.8549407114624505,0.1450592885375494
2492777,2021-05-21,1,0.2752775624044281,0.724722437595572
2492827,2021-05-21,1,0.3317414648317714,0.6682585351682285
2492794,2021-05-21,1,0.18698403617739998,0.8130159638226001
2492767,2021-05-21,0,0.5532843137254903,0.44671568627450975
2492810,2021-05-21,1,0.3317414648317714,0.6682585351682285
2492826,2021-05-21,1,0.42733405719267115,0.572665942807329
2492889,2021-05-21,1,0.25697670521199933,0.7430232947880007
2492908,2021-05-21,0,0.5870588235294119,0.4129411764705882
2492870,2021-05-21,1,0.3517378171255524,0.6482621828744477
2492863,2021-05-21,1,0.26555534018220583,0.7344446598177942
2492839,2021-05-21,1,0.23492520138089762,0.7650747986191024
2492856,2021-05-21,1,0.25697670521199933,0.7430232947880007
2492895,2021-05-21,1,0.3317414648317714,0.6682585351682285
2492866,2021-05-21,0,0.9533204384268213,0.046679561573178596
2492878,2021-05-21,1,0.08053124231535026,0.9194687576846498
2492897,2021-05-21,0,0.5074867724867724,0.49251322751322746
2492849,2021-05-21,1,0.23492520138089762,0.7650747986191024
2492883,2021-05-21,1,0.06834800644790387,0.9316519935520962
2492864,2021-05-21,1,0.036857323218090196,0.9631426767819098
2492850,2021-05-21,1,0.25697670521199933,0.7430232947880007
2492840,2021-05-21,1,0.33361640599543824,0.6663835940045618
2492887,2021-05-21,1,0.3317414648317714,0.6682585351682285
2492873,2021-05-21,1,0.3317414648317714,0.6682585351682285
2492857,2021-05-21,1,0.18698403617739998,0.8130159638226001
2492859,2021-05-21,1,0.3501512997781654,0.6498487002218346
2492874,2021-05-21,0,0.509569597069597,0.4904304029304029
2492845,2021-05-21,1,0.013187134502923975,0.986812865497076
2492891,2021-05-21,1,0.24452359415045982,0.7554764058495402
2492830,2021-05-21,0,0.5036796536796537,0.49632034632034633
2492879,2021-05-21,1,0.3317414648317714,0.6682585351682285
2492852,2021-05-21,1,0.3317414648317714,0.6682585351682285
2492869,2021-05-21,1,0.08381987577639752,0.9161801242236025
2492884,2021-05-21,0,0.9533204384268213,0.046679561573178596
2492860,2021-05-21,0,0.509067525060999,0.49093247493900105
2492893,2021-05-21,1,0.22969600345761335,0.7703039965423867
2492854,2021-05-21,0,0.509067525060999,0.49093247493900105
2492868,2021-05-21,0,0.5870588235294119,0.4129411764705882
2492911,2021-05-21,1,0.013187134502923975,0.986812865497076
2492834,2021-05-21,1,0.49069281307184537,0.5093071869281547
2492855,2021-05-21,1,0.49069281307184537,0.5093071869281547
2492886,2021-05-21,1,0.013187134502923975,0.986812865497076
2492853,2021-05-21,1,0.11465413533834586,0.8853458646616541
2492888,2021-05-21,1,0.3545807413874641,0.6454192586125359
2492875,2021-05-21,1,0.42733405719267115,0.572665942807329
2492899,2021-05-21,1,0.3493215739484396,0.6506784260515605
2492862,2021-05-21,0,0.5074867724867724,0.49251322751322746
2492846,2021-05-21,1,0.013187134502923975,0.986812865497076
2492880,2021-05-21,1,0.08119951023269102,0.9188004897673091
2492861,2021-05-21,1,0.23492520138089762,0.7650747986191024
2492828,2021-05-21,1,0.23492520138089762,0.7650747986191024
2492844,2021-05-21,1,0.3317414648317714,0.6682585351682285
2492906,2021-05-21,0,0.575108225108225,0.4248917748917749
2492876,2021-05-21,0,0.5074867724867724,0.49251322751322746
2492858,2021-05-21,1,0.4686073309499097,0.5313926690500904
2492909,2021-05-21,1,0.3361016719691329,0.6638983280308671
2492894,2021-05-21,0,0.5074867724867724,0.49251322751322746
2492867,2021-05-21,1,0.2890431136699793,0.7109568863300206
2492881,2021-05-21,1,0.06834800644790387,0.9316519935520962
2492991,2021-05-21,0,0.509569597069597,0.4904304029304029
2492841,2021-05-21,1,0.3317414648317714,0.6682585351682285
2492885,2021-05-21,0,0.9533204384268213,0.046679561573178596
2492872,2021-05-21,0,0.6392521708311183,0.3607478291688818
2492882,2021-05-21,1,0.036857323218090196,0.9631426767819098
2492847,2021-05-21,0,0.926764539808018,0.07323546019198193
2492877,2021-05-21,1,0.4686073309499097,0.5313926690500904
2492917,2021-05-21,1,0.23492520138089762,0.7650747986191024
2492865,2021-05-21,1,0.42733405719267115,0.572665942807329
2492903,2021-05-21,1,0.23492520138089762,0.7650747986191024
2492985,2021-05-21,1,0.02537037037037037,0.9746296296296297
2492901,2021-05-21,1,0.013187134502923975,0.986812865497076
2492940,2021-05-21,1,0.3501512997781654,0.6498487002218346
2492926,2021-05-21,1,0.23492520138089762,0.7650747986191024
2492905,2021-05-21,1,0.3501512997781654,0.6498487002218346
2492955,2021-05-21,1,0.3577598566308243,0.6422401433691756
2492981,2021-05-21,0,0.5870588235294119,0.4129411764705882
2492892,2021-05-21,1,0.26385637652414784,0.7361436234758523
2492959,2021-05-21,1,0.08119951023269102,0.9188004897673091
2492958,2021-05-21,1,0.26251724932397197,0.737482750676028
2492922,2021-05-21,1,0.3501512997781654,0.6498487002218346
2492934,2021-05-21,1,0.09092397660818713,0.9090760233918129
2492964,2021-05-21,1,0.19411712057281677,0.8058828794271833
2492953,2021-05-21,0,0.5532843137254903,0.44671568627450975
2492976,2021-05-21,0,0.8540372670807453,0.14596273291925463
2492916,2021-05-21,1,0.23492520138089762,0.7650747986191024
2492931,2021-05-21,0,0.8553359683794467,0.14466403162055336
2492945,2021-05-21,0,0.9755426606490436,0.024457339350956373
2492977,2021-05-21,1,0.37442448680351903,0.625575513196481
2492960,2021-05-21,1,0.23492520138089762,0.7650747986191024
2493056,2021-05-21,1,0.02537037037037037,0.9746296296296297
2492927,2021-05-21,1,0.19411712057281677,0.8058828794271833
2492944,2021-05-21,0,0.5074867724867724,0.49251322751322746
2492947,2021-05-21,1,0.376368248747281,0.623631751252719
2492898,2021-05-21,1,0.23492520138089762,0.7650747986191024
2492907,2021-05-21,0,0.5036796536796537,0.49632034632034633
2492924,2021-05-21,1,0.4739504682048117,0.5260495317951883
2492951,2021-05-21,0,0.5870588235294119,0.4129411764705882
2492902,2021-05-21,1,0.3517378171255524,0.6482621828744477
2492966,2021-05-21,0,0.9755426606490436,0.024457339350956373
2492920,2021-05-21,1,0.44414622227153344,0.5558537777284666
2492950,2021-05-21,1,0.3545807413874641,0.6454192586125359
2492965,2021-05-21,1,0.08381987577639752,0.9161801242236025
2492946,2021-05-21,1,0.3317414648317714,0.6682585351682285
2492925,2021-05-21,1,0.06834800644790387,0.9316519935520962
2492914,2021-05-21,1,0.11465413533834586,0.8853458646616541
2492954,2021-05-21,0,0.575108225108225,0.4248917748917749
2492962,2021-05-21,1,0.08119951023269102,0.9188004897673091
2492928,2021-05-21,1,0.22969600345761335,0.7703039965423867
2492923,2021-05-21,1,0.06834800644790387,0.9316519935520962
2492910,2021-05-21,1,0.18698403617739998,0.8130159638226001
2492937,2021-05-21,1,0.18698403617739998,0.8130159638226001
2492900,2021-05-21,1,0.23492520138089762,0.7650747986191024
2492929,2021-05-21,0,0.5870588235294119,0.4129411764705882
2492952,2021-05-21,0,0.9533204384268213,0.046679561573178596
2492921,2021-05-21,1,0.25697670521199933,0.7430232947880007
2492939,2021-05-21,0,0.9755426606490436,0.024457339350956373
2492979,2021-05-21,1,0.23492520138089762,0.7650747986191024
2492936,2021-05-21,0,0.9533204384268213,0.046679561573178596
2492948,2021-05-21,1,0.4519541910331384,0.5480458089668616
2492904,2021-05-21,1,0.4633115468409586,0.5366884531590415
2492983,2021-05-21,1,0.19411712057281677,0.8058828794271833
2492967,2021-05-21,1,0.08119951023269102,0.9188004897673091
2492943,2021-05-21,0,0.9755426606490436,0.024457339350956373
2492918,2021-05-21,0,0.5074867724867724,0.49251322751322746
2492961,2021-05-21,0,0.5532843137254903,0.44671568627450975
2492949,2021-05-21,1,0.06834800644790387,0.9316519935520962
2492896,2021-05-21,1,0.07012590229981534,0.9298740977001847
2492915,2021-05-21,1,0.3517378171255524,0.6482621828744477
2492963,2021-05-21,1,0.19411712057281677,0.8058828794271833
2492930,2021-05-21,1,0.44414622227153344,0.5558537777284666
2492972,2021-05-21,1,0.23492520138089762,0.7650747986191024
2492932,2021-05-21,1,0.036857323218090196,0.9631426767819098
2493051,2021-05-21,1,0.23492520138089762,0.7650747986191024
2492992,2021-05-21,1,0.27492520138089754,0.7250747986191024
2500689,2021-05-21,0,0.666429202980927,0.3335707970190729
2492938,2021-05-21,1,0.3317414648317714,0.6682585351682285
2492912,2021-05-21,0,0.509067525060999,0.49093247493900105
2492982,2021-05-21,1,0.23492520138089762,0.7650747986191024
2492957,2021-05-21,1,0.3501512997781654,0.6498487002218346
2492935,2021-05-21,0,0.926764539808018,0.07323546019198193
2492913,2021-05-21,1,0.23492520138089762,0.7650747986191024
2492968,2021-05-21,1,0.4410584449987681,0.5589415550012319
2492941,2021-05-21,1,0.42733405719267115,0.572665942807329
2492933,2021-05-21,1,0.26385637652414784,0.7361436234758523
2492942,2021-05-21,1,0.036857323218090196,0.9631426767819098
2492975,2021-05-21,0,0.666429202980927,0.3335707970190729
2492919,2021-05-21,0,0.509067525060999,0.49093247493900105
2492988,2021-05-21,0,0.9755426606490436,0.024457339350956373
2493025,2021-05-21,1,0.3317414648317714,0.6682585351682285
2492997,2021-05-21,0,0.5870588235294119,0.4129411764705882
2492973,2021-05-21,1,0.3501512997781654,0.6498487002218346
2493015,2021-05-21,1,0.036857323218090196,0.9631426767819098
2493029,2021-05-21,0,0.9263692828910222,0.07363071710897798
2493001,2021-05-21,1,0.22969600345761335,0.7703039965423867
2497295,2021-05-21,0,0.9533204384268213,0.046679561573178596
2493010,2021-05-21,1,0.376368248747281,0.623631751252719
2492989,2021-05-21,1,0.358688243543256,0.6413117564567441
2492998,2021-05-21,1,0.358688243543256,0.6413117564567441
2493027,2021-05-21,1,0.23492520138089762,0.7650747986191024
2493020,2021-05-21,1,0.06834800644790387,0.9316519935520962
2492987,2021-05-21,1,0.036857323218090196,0.9631426767819098
2493002,2021-05-21,0,0.9533204384268213,0.046679561573178596
2493048,2021-05-21,1,0.013187134502923975,0.986812865497076
2492980,2021-05-21,1,0.23492520138089762,0.7650747986191024
2493034,2021-05-21,0,0.9533204384268213,0.046679561573178596
2493041,2021-05-21,1,0.013187134502923975,0.986812865497076
2492994,2021-05-21,1,0.036857323218090196,0.9631426767819098
2493014,2021-05-21,1,0.22969600345761335,0.7703039965423867
2493036,2021-05-21,1,0.3517378171255524,0.6482621828744477
2492996,2021-05-21,1,0.09092397660818713,0.9090760233918129
2493018,2021-05-21,1,0.49069281307184537,0.5093071869281547
2492969,2021-05-21,1,0.19411712057281677,0.8058828794271833
2492999,2021-05-21,1,0.06834800644790387,0.9316519935520962
2493031,2021-05-21,1,0.23492520138089762,0.7650747986191024
2492986,2021-05-21,1,0.3317414648317714,0.6682585351682285
2493039,2021-05-21,1,0.19411712057281677,0.8058828794271833
2493009,2021-05-21,1,0.42733405719267115,0.572665942807329
2493026,2021-05-21,1,0.42733405719267115,0.572665942807329
2493033,2021-05-21,1,0.08119951023269102,0.9188004897673091
2493019,2021-05-21,1,0.3317414648317714,0.6682585351682285
2493028,2021-05-21,1,0.08119951023269102,0.9188004897673091
2493008,2021-05-21,1,0.013187134502923975,0.986812865497076
2497297,2021-05-21,0,0.9533204384268213,0.046679561573178596
2493043,2021-05-21,0,0.666429202980927,0.3335707970190729
2492995,2021-05-21,1,0.3501512997781654,0.6498487002218346
2493042,2021-05-21,0,0.666429202980927,0.3335707970190729
2493013,2021-05-21,0,0.9755426606490436,0.024457339350956373
2492984,2021-05-21,1,0.23492520138089762,0.7650747986191024
2493017,2021-05-21,0,0.9755426606490436,0.024457339350956373
2493038,2021-05-21,1,0.4686073309499097,0.5313926690500904
2493003,2021-05-21,1,0.33538281334127407,0.6646171866587259
2493021,2021-05-21,1,0.23492520138089762,0.7650747986191024
2493007,2021-05-21,1,0.08119951023269102,0.9188004897673091
2493023,2021-05-21,0,0.666429202980927,0.3335707970190729
2493030,2021-05-21,1,0.26251724932397197,0.737482750676028
2493032,2021-05-21,1,0.376368248747281,0.623631751252719
2492971,2021-05-21,0,0.509569597069597,0.4904304029304029
2493004,2021-05-21,1,0.2752775624044281,0.724722437595572
2493012,2021-05-21,1,0.3517378171255524,0.6482621828744477
2493006,2021-05-21,0,0.5870588235294119,0.4129411764705882
2492970,2021-05-21,1,0.013187134502923975,0.986812865497076
2493016,2021-05-21,1,0.3317414648317714,0.6682585351682285
2492990,2021-05-21,1,0.23492520138089762,0.7650747986191024
2493005,2021-05-21,0,0.9533204384268213,0.046679561573178596
2493000,2021-05-21,1,0.09092397660818713,0.9090760233918129
2493024,2021-05-21,1,0.23492520138089762,0.7650747986191024
2493022,2021-05-21,0,0.9533204384268213,0.046679561573178596
2493068,2021-05-21,1,0.23492520138089762,0.7650747986191024
2493035,2021-05-21,0,0.8803359683794467,0.11966403162055335
2493037,2021-05-21,1,0.3317414648317714,0.6682585351682285
2492993,2021-05-21,1,0.3501512997781654,0.6498487002218346
2493096,2021-05-21,0,0.5870588235294119,0.4129411764705882
2493076,2021-05-21,1,0.08119951023269102,0.9188004897673091
2493052,2021-05-21,1,0.27492520138089754,0.7250747986191024
2493058,2021-05-21,1,0.4686073309499097,0.5313926690500904
2493084,2021-05-21,0,0.9130116260551043,0.08698837394489567
2493069,2021-05-21,1,0.42733405719267115,0.572665942807329
2493100,2021-05-21,1,0.3317414648317714,0.6682585351682285
2493089,2021-05-21,0,0.5074867724867724,0.49251322751322746
2493050,2021-05-21,1,0.08119951023269102,0.9188004897673091
2493095,2021-05-21,0,0.5286796536796536,0.4713203463203463
2493071,2021-05-21,1,0.3317414648317714,0.6682585351682285
2493087,2021-05-21,0,0.666429202980927,0.3335707970190729
2493104,2021-05-21,0,0.5074867724867724,0.49251322751322746
2493086,2021-05-21,1,0.2600791497060154,0.7399208502939846
2493075,2021-05-21,1,0.4202598566308243,0.5797401433691756
2493053,2021-05-21,1,0.45974043211946436,0.5402595678805356
2493061,2021-05-21,1,0.34232456140350875,0.6576754385964911
2493173,2021-05-21,0,0.666429202980927,0.3335707970190729
2493079,2021-05-21,0,0.5870588235294119,0.4129411764705882
2493067,2021-05-21,0,0.5074867724867724,0.49251322751322746
2493093,2021-05-21,1,0.42733405719267115,0.572665942807329
2493070,2021-05-21,1,0.08053124231535026,0.9194687576846498
2493088,2021-05-21,1,0.3317414648317714,0.6682585351682285
2493103,2021-05-21,1,0.3501512997781654,0.6498487002218346
2493054,2021-05-21,1,0.42733405719267115,0.572665942807329
2493073,2021-05-21,1,0.035555555555555556,0.9644444444444445
2493117,2021-05-21,1,0.23492520138089762,0.7650747986191024
2493040,2021-05-21,0,0.5286796536796536,0.4713203463203463
2493114,2021-05-21,1,0.23492520138089762,0.7650747986191024
2493064,2021-05-21,1,0.4519541910331384,0.5480458089668616
2493074,2021-05-21,0,0.666429202980927,0.3335707970190729
2493060,2021-05-21,1,0.34232456140350875,0.6576754385964911
2493046,2021-05-21,1,0.42733405719267115,0.572665942807329
2493080,2021-05-21,1,0.11465413533834586,0.8853458646616541
2493082,2021-05-21,1,0.11465413533834586,0.8853458646616541
2493091,2021-05-21,1,0.09092397660818713,0.9090760233918129
2493108,2021-05-21,1,0.3317414648317714,0.6682585351682285
2493077,2021-05-21,1,0.3317414648317714,0.6682585351682285
2493170,2021-05-21,1,0.23492520138089762,0.7650747986191024
2493055,2021-05-21,1,0.013187134502923975,0.986812865497076
2493081,2021-05-21,1,0.3317414648317714,0.6682585351682285
2493059,2021-05-21,1,0.4686073309499097,0.5313926690500904
2493175,2021-05-21,0,0.666429202980927,0.3335707970190729
2493171,2021-05-21,0,0.666429202980927,0.3335707970190729
2493065,2021-05-21,1,0.4519541910331384,0.5480458089668616
2493094,2021-05-21,1,0.4093299049400031,0.5906700950599969
2493072,2021-05-21,0,0.575108225108225,0.4248917748917749
2493049,2021-05-21,1,0.3501512997781654,0.6498487002218346
2493099,2021-05-21,0,0.5074867724867724,0.49251322751322746
2493066,2021-05-21,0,0.5074867724867724,0.49251322751322746
2493090,2021-05-21,0,0.6332601066017837,0.36673989339821633
2493045,2021-05-21,1,0.3661942000651678,0.6338057999348322
2493057,2021-05-21,1,0.37442448680351903,0.625575513196481
2493047,2021-05-21,0,0.6227387267904508,0.37726127320954905
2493078,2021-05-21,1,0.3517378171255524,0.6482621828744477
2493085,2021-05-21,1,0.42733405719267115,0.572665942807329
2493083,2021-05-21,1,0.4444806460595935,0.5555193539404065
2493063,2021-05-21,1,0.49069281307184537,0.5093071869281547
2493044,2021-05-21,1,0.18698403617739998,0.8130159638226001
2493062,2021-05-21,1,0.08119951023269102,0.9188004897673091
2493092,2021-05-21,1,0.08119951023269102,0.9188004897673091
2493097,2021-05-21,1,0.22969600345761335,0.7703039965423867
2493129,2021-05-21,1,0.3317414648317714,0.6682585351682285
2493174,2021-05-21,1,0.23492520138089762,0.7650747986191024
2493159,2021-05-21,0,0.5036796536796537,0.49632034632034633
2493153,2021-05-21,0,0.8553359683794467,0.14466403162055336
2493126,2021-05-21,0,0.926764539808018,0.07323546019198193
2493144,2021-05-21,1,0.18698403617739998,0.8130159638226001
2493133,2021-05-21,1,0.09092397660818713,0.9090760233918129
2493167,2021-05-21,1,0.3317414648317714,0.6682585351682285
2493121,2021-05-21,1,0.09092397660818713,0.9090760233918129
2493146,2021-05-21,1,0.3317414648317714,0.6682585351682285
2493166,2021-05-21,1,0.23492520138089762,0.7650747986191024
2493148,2021-05-21,0,0.9533204384268213,0.046679561573178596
2493116,2021-05-21,0,0.5074867724867724,0.49251322751322746
2493118,2021-05-21,1,0.013187134502923975,0.986812865497076
2493135,2021-05-21,1,0.42733405719267115,0.572665942807329
2493154,2021-05-21,1,0.23492520138089762,0.7650747986191024
2493143,2021-05-21,1,0.08119951023269102,0.9188004897673091
2493113,2021-05-21,0,0.509067525060999,0.49093247493900105
2493122,2021-05-21,1,0.3501512997781654,0.6498487002218346
2493145,2021-05-21,1,0.42733405719267115,0.572665942807329
2493142,2021-05-21,0,0.5074867724867724,0.49251322751322746
2493172,2021-05-21,1,0.23492520138089762,0.7650747986191024
2493131,2021-05-21,1,0.25697670521199933,0.7430232947880007
2493120,2021-05-21,1,0.3317414648317714,0.6682585351682285
2493162,2021-05-21,1,0.3317414648317714,0.6682585351682285
2493158,2021-05-21,1,0.11465413533834586,0.8853458646616541
2493152,2021-05-21,1,0.3317414648317714,0.6682585351682285
2493130,2021-05-21,1,0.08053124231535026,0.9194687576846498
2493123,2021-05-21,1,0.3317414648317714,0.6682585351682285
2493157,2021-05-21,0,0.9755426606490436,0.024457339350956373
2493134,2021-05-21,1,0.3517378171255524,0.6482621828744477
2493151,2021-05-21,0,0.5074867724867724,0.49251322751322746
2493115,2021-05-21,1,0.42733405719267115,0.572665942807329
2493102,2021-05-21,1,0.3517378171255524,0.6482621828744477
2493124,2021-05-21,1,0.09092397660818713,0.9090760233918129
2493140,2021-05-21,0,0.5870588235294119,0.4129411764705882
2493112,2021-05-21,0,0.5074867724867724,0.49251322751322746
2493156,2021-05-21,0,0.9755426606490436,0.024457339350956373
2493178,2021-05-21,0,0.9533204384268213,0.046679561573178596
2493132,2021-05-21,1,0.18698403617739998,0.8130159638226001
2493105,2021-05-21,1,0.3493215739484396,0.6506784260515605
2493147,2021-05-21,1,0.3317414648317714,0.6682585351682285
2493138,2021-05-21,1,0.25697670521199933,0.7430232947880007
2493107,2021-05-21,1,0.25697670521199933,0.7430232947880007
2493139,2021-05-21,0,0.9130116260551043,0.08698837394489567
2493109,2021-05-21,1,0.22969600345761335,0.7703039965423867
2493110,2021-05-21,1,0.23492520138089762,0.7650747986191024
2493160,2021-05-21,1,0.45650623449536487,0.5434937655046351
2493127,2021-05-21,1,0.3577598566308243,0.6422401433691756
2493141,2021-05-21,1,0.06834800644790387,0.9316519935520962
2493111,2021-05-21,1,0.3493215739484396,0.6506784260515605
2493155,2021-05-21,0,0.9755426606490436,0.024457339350956373
2493149,2021-05-21,1,0.3317414648317714,0.6682585351682285
2493179,2021-05-21,0,0.9533204384268213,0.046679561573178596
2493101,2021-05-21,0,0.5036796536796537,0.49632034632034633
2493136,2021-05-21,1,0.18698403617739998,0.8130159638226001
2493150,2021-05-21,1,0.23492520138089762,0.7650747986191024
2493119,2021-05-21,1,0.08119951023269102,0.9188004897673091
2493128,2021-05-21,0,0.5074867724867724,0.49251322751322746
2493106,2021-05-21,1,0.047549412766804064,0.9524505872331959
2493125,2021-05-21,1,0.23492520138089762,0.7650747986191024
2493161,2021-05-21,1,0.06834800644790387,0.9316519935520962
2493137,2021-05-21,1,0.20469600345761335,0.7953039965423867
2497232,2021-05-21,0,0.666429202980927,0.3335707970190729
2493197,2021-05-21,0,0.8549407114624505,0.1450592885375494
2497272,2021-05-21,0,0.5074867724867724,0.49251322751322746
2493188,2021-05-21,1,0.23492520138089762,0.7650747986191024
2493169,2021-05-21,1,0.4860785953177258,0.5139214046822743
2493191,2021-05-21,1,0.3501512997781654,0.6498487002218346
2493205,2021-05-21,1,0.08053124231535026,0.9194687576846498
2497211,2021-05-21,1,0.3317414648317714,0.6682585351682285
2497221,2021-05-21,1,0.4093299049400031,0.5906700950599969
2493177,2021-05-21,1,0.42733405719267115,0.572665942807329
2497222,2021-05-21,1,0.08119951023269102,0.9188004897673091
2493201,2021-05-21,1,0.09092397660818713,0.9090760233918129
2497213,2021-05-21,1,0.08119951023269102,0.9188004897673091
2493186,2021-05-21,0,0.9755426606490436,0.024457339350956373
2497253,2021-05-21,1,0.23492520138089762,0.7650747986191024
2493208,2021-05-21,1,0.3317414648317714,0.6682585351682285
2497230,2021-05-21,1,0.45059523809523816,0.5494047619047618
2497266,2021-05-21,0,0.5074867724867724,0.49251322751322746
2497226,2021-05-21,1,0.06834800644790387,0.9316519935520962
2493195,2021-05-21,1,0.38237352200038766,0.6176264779996123
2497252,2021-05-21,1,0.23492520138089762,0.7650747986191024
2497461,2021-05-21,1,0.23492520138089762,0.7650747986191024
2493207,2021-05-21,1,0.08119951023269102,0.9188004897673091
2497220,2021-05-21,0,0.5074867724867724,0.49251322751322746
2493187,2021-05-21,1,0.11595923563314867,0.8840407643668513
2493176,2021-05-21,1,0.3493215739484396,0.6506784260515605
2493190,2021-05-21,1,0.02537037037037037,0.9746296296296297
2497246,2021-05-21,0,0.666429202980927,0.3335707970190729
2497218,2021-05-21,0,0.8540372670807453,0.14596273291925463
2493210,2021-05-21,1,0.18698403617739998,0.8130159638226001
2493200,2021-05-21,0,0.9533204384268213,0.046679561573178596
2497240,2021-05-21,1,0.19411712057281677,0.8058828794271833
2497216,2021-05-21,1,0.4410584449987681,0.5589415550012319
2493184,2021-05-21,1,0.45650623449536487,0.5434937655046351
2497284,2021-05-21,0,0.9755426606490436,0.024457339350956373
2493181,2021-05-21,1,0.047549412766804064,0.9524505872331959
2497212,2021-05-21,1,0.23492520138089762,0.7650747986191024
2493194,2021-05-21,1,0.14115070284406667,0.8588492971559333
2497225,2021-05-21,1,0.42733405719267115,0.572665942807329
2493163,2021-05-21,1,0.08053124231535026,0.9194687576846498
2493182,2021-05-21,1,0.42733405719267115,0.572665942807329
2497217,2021-05-21,1,0.45650623449536487,0.5434937655046351
2493209,2021-05-21,0,0.9755426606490436,0.024457339350956373
2497219,2021-05-21,1,0.013187134502923975,0.986812865497076
2493203,2021-05-21,1,0.3317414648317714,0.6682585351682285
2493204,2021-05-21,1,0.45650623449536487,0.5434937655046351
2493189,2021-05-21,1,0.33361640599543824,0.6663835940045618
2497244,2021-05-21,0,0.6227387267904508,0.37726127320954905
2493192,2021-05-21,1,0.11465413533834586,0.8853458646616541
2493168,2021-05-21,1,0.33538281334127407,0.6646171866587259
2497285,2021-05-21,0,0.9755426606490436,0.024457339350956373
2497270,2021-05-21,1,0.18698403617739998,0.8130159638226001
2493198,2021-05-21,1,0.035555555555555556,0.9644444444444445
2493164,2021-05-21,1,0.22969600345761335,0.7703039965423867
2497223,2021-05-21,0,0.5286796536796536,0.4713203463203463
2497215,2021-05-21,1,0.4298521630874572,0.5701478369125428
2493196,2021-05-21,1,0.11465413533834586,0.8853458646616541
2497224,2021-05-21,1,0.42733405719267115,0.572665942807329
2493185,2021-05-21,1,0.3317414648317714,0.6682585351682285
2493202,2021-05-21,1,0.14115070284406667,0.8588492971559333
2493206,2021-05-21,1,0.11465413533834586,0.8853458646616541
2497346,2021-05-21,1,0.23492520138089762,0.7650747986191024
2493180,2021-05-21,1,0.23492520138089762,0.7650747986191024
2497264,2021-05-21,0,0.9755426606490436,0.024457339350956373
2493165,2021-05-21,1,0.23492520138089762,0.7650747986191024
2497228,2021-05-21,1,0.3317414648317714,0.6682585351682285
2493199,2021-05-21,0,0.9533204384268213,0.046679561573178596
2497311,2021-05-21,0,0.666429202980927,0.3335707970190729
2497227,2021-05-21,1,0.4519541910331384,0.5480458089668616
2497286,2021-05-21,0,0.9755426606490436,0.024457339350956373
2493193,2021-05-21,1,0.11465413533834586,0.8853458646616541
2497214,2021-05-21,1,0.23492520138089762,0.7650747986191024
2497249,2021-05-21,0,0.666429202980927,0.3335707970190729
2493183,2021-05-21,1,0.3470938518322805,0.6529061481677194
2497269,2021-05-21,1,0.4686073309499097,0.5313926690500904
2497259,2021-05-21,1,0.013187134502923975,0.986812865497076
2497241,2021-05-21,1,0.23492520138089762,0.7650747986191024
2497258,2021-05-21,1,0.18698403617739998,0.8130159638226001
2497261,2021-05-21,0,0.666429202980927,0.3335707970190729
2497307,2021-05-21,0,0.5870588235294119,0.4129411764705882
2497280,2021-05-21,1,0.3501512997781654,0.6498487002218346
2497245,2021-05-21,0,0.5532843137254903,0.44671568627450975
2497274,2021-05-21,1,0.3317414648317714,0.6682585351682285
2497251,2021-05-21,1,0.3501512997781654,0.6498487002218346
2497276,2021-05-21,0,0.9533204384268213,0.046679561573178596
2497281,2021-05-21,1,0.34232456140350875,0.6576754385964911
2497237,2021-05-21,1,0.3317414648317714,0.6682585351682285
2497291,2021-05-21,1,0.08053124231535026,0.9194687576846498
2497271,2021-05-21,1,0.047549412766804064,0.9524505872331959
2497278,2021-05-21,1,0.08053124231535026,0.9194687576846498
2497301,2021-05-21,0,0.6227387267904508,0.37726127320954905
2497233,2021-05-21,1,0.3517378171255524,0.6482621828744477
2497254,2021-05-21,1,0.18698403617739998,0.8130159638226001
2497277,2021-05-21,0,0.9755426606490436,0.024457339350956373
2497273,2021-05-21,0,0.9533204384268213,0.046679561573178596
2497247,2021-05-21,1,0.013187134502923975,0.986812865497076
2497289,2021-05-21,1,0.11465413533834586,0.8853458646616541
2497242,2021-05-21,0,0.666429202980927,0.3335707970190729
2497255,2021-05-21,1,0.3317414648317714,0.6682585351682285
2497260,2021-05-21,1,0.036857323218090196,0.9631426767819098
2497257,2021-05-21,1,0.3361016719691329,0.6638983280308671
2497287,2021-05-21,1,0.47147435897435896,0.528525641025641
2497239,2021-05-21,1,0.4519541910331384,0.5480458089668616
2497290,2021-05-21,1,0.3577598566308243,0.6422401433691756
2497234,2021-05-21,0,0.509067525060999,0.49093247493900105
2497248,2021-05-20,0,0.6332601066017837,0.36673989339821633
2497235,2021-05-20,1,0.3317414648317714,0.6682585351682285
2497256,2021-05-20,0,0.5532843137254903,0.44671568627450975
2497243,2021-05-20,0,0.666429202980927,0.3335707970190729
2497283,2021-05-20,1,0.23492520138089762,0.7650747986191024
2497238,2021-05-20,1,0.45650623449536487,0.5434937655046351
2497263,2021-05-20,1,0.18698403617739998,0.8130159638226001
2497282,2021-05-20,1,0.4519541910331384,0.5480458089668616
2497262,2021-05-20,1,0.08119951023269102,0.9188004897673091
2497250,2021-05-20,1,0.3317414648317714,0.6682585351682285
2497275,2021-05-20,1,0.3501512997781654,0.6498487002218346
